{"cameraMode":{"drawMode":0,"name":"Shaded","section":"Shading Mode"},"sceneLighting":false,"audioPlay":false,"sceneViewState":{"showFog":false,"showMaterialUpdate":false,"showSkybox":false,"showFlares":false,"showImageEffects":false,"showParticleSystems":false},"in2DMode":false,"pivot":{"x":0.29006826877593996,"y":-0.950078010559082,"z":-1.6768498420715333},"rotation":{"x":0.8816874027252197,"y":-0.00014041148824617267,"z":0.0002780430659186095,"w":0.4718574583530426},"size":16.32415008544922,"orthographic":false}