{"cameraMode":{"drawMode":0,"name":"Shaded","section":"Shading Mode"},"sceneLighting":false,"audioPlay":false,"sceneViewState":{"showFog":false,"showMaterialUpdate":false,"showSkybox":false,"showFlares":false,"showImageEffects":false,"showParticleSystems":false},"in2DMode":false,"pivot":{"x":0.6839510202407837,"y":-0.5627646446228027,"z":-1.224510669708252},"rotation":{"x":0.007558431942015886,"y":-0.5828033089637756,"z":0.005434080492705107,"w":0.8125867247581482},"size":1.258605718612671,"orthographic":false}