{"cameraMode":{"drawMode":0,"name":"Shaded","section":"Shading Mode"},"sceneLighting":false,"audioPlay":false,"sceneViewState":{"showFog":false,"showMaterialUpdate":false,"showSkybox":false,"showFlares":false,"showImageEffects":false,"showParticleSystems":false},"in2DMode":false,"pivot":{"x":0.03779029846191406,"y":-4.720000267028809,"z":-6.909999847412109},"rotation":{"x":0.01949833519756794,"y":0.9768484830856323,"z":-0.18716809153556825,"w":0.10176361352205277},"size":9.938138961791993,"orthographic":false}